{"cameraMode":{"drawMode":0,"name":"Shaded","section":"Shading Mode"},"sceneLighting":true,"audioPlay":false,"sceneViewState":{"m_AlwaysRefresh":false,"showFog":true,"showSkybox":true,"showFlares":true,"showImageEffects":true,"showParticleSystems":true,"showVisualEffectGraphs":true,"m_FxEnabled":true},"in2DMode":false,"pivot":{"x":29.354122161865236,"y":3.8075480461120607,"z":-15.2505464553833},"rotation":{"x":0.014525063335895539,"y":-0.7339531779289246,"z":-0.01679626666009426,"w":-0.6791582107543945},"size":3.0115408897399904,"orthographic":false}