{"cameraMode":{"drawMode":0,"name":"Shaded","section":"Shading Mode"},"sceneLighting":true,"audioPlay":false,"sceneViewState":{"m_AlwaysRefresh":false,"showFog":true,"showSkybox":true,"showFlares":true,"showImageEffects":true,"showParticleSystems":true,"showVisualEffectGraphs":true,"m_FxEnabled":true},"in2DMode":false,"pivot":{"x":29.939895629882814,"y":3.136648654937744,"z":-12.054701805114746},"rotation":{"x":-0.14964807033538819,"y":-0.6134331822395325,"z":0.11895519495010376,"w":-0.7665319442749023},"size":2.6975326538085939,"orthographic":false}