{"cameraMode":{"drawMode":0,"name":"Shaded","section":"Shading Mode"},"sceneLighting":true,"audioPlay":false,"sceneViewState":{"m_AlwaysRefresh":false,"showFog":true,"showSkybox":true,"showFlares":true,"showImageEffects":true,"showParticleSystems":true,"showVisualEffectGraphs":true,"m_FxEnabled":true},"in2DMode":false,"pivot":{"x":-49.67268371582031,"y":8.119214057922364,"z":192.06031799316407},"rotation":{"x":0.055771443992853168,"y":-0.05602533742785454,"z":0.0019345583859831095,"w":0.9971054792404175},"size":1.5347669124603272,"orthographic":false}