{"cameraMode":{"drawMode":0,"name":"Shaded","section":"Shading Mode"},"sceneLighting":true,"audioPlay":false,"sceneViewState":{"m_AlwaysRefresh":false,"showFog":true,"showSkybox":true,"showFlares":true,"showImageEffects":true,"showParticleSystems":true,"showVisualEffectGraphs":true,"m_FxEnabled":true},"in2DMode":false,"pivot":{"x":7.654907703399658,"y":12.543835639953614,"z":-52.35825729370117},"rotation":{"x":0.06028817221522331,"y":-0.023401882499456407,"z":0.0005026896833442152,"w":0.9981042146682739},"size":8.16364574432373,"orthographic":false}