{"cameraMode":{"drawMode":0,"name":"Shaded","section":"Shading Mode"},"sceneLighting":true,"audioPlay":false,"sceneViewState":{"m_AlwaysRefresh":false,"showFog":true,"showSkybox":true,"showFlares":true,"showImageEffects":true,"showParticleSystems":true,"showVisualEffectGraphs":true,"m_FxEnabled":true},"in2DMode":false,"pivot":{"x":43.893165588378909,"y":1.0141716003417969,"z":-0.5343127250671387},"rotation":{"x":0.20234857499599458,"y":-0.41716933250427248,"z":0.09482188522815705,"w":0.8812145590782166},"size":6.414142608642578,"orthographic":false}