{"cameraMode":{"drawMode":0,"name":"Shaded","section":"Shading Mode"},"sceneLighting":true,"audioPlay":false,"sceneViewState":{"m_AlwaysRefresh":false,"showFog":true,"showSkybox":true,"showFlares":true,"showImageEffects":true,"showParticleSystems":true,"showVisualEffectGraphs":true,"m_FxEnabled":true},"in2DMode":false,"pivot":{"x":0.19631260633468629,"y":1.3512322902679444,"z":-0.01349998265504837},"rotation":{"x":-0.10032950341701508,"y":0.49277493357658389,"z":-0.05734531581401825,"w":-0.8625638484954834},"size":1.0601027011871338,"orthographic":false}