{"cameraMode":{"drawMode":0,"name":"Shaded","section":"Shading Mode"},"sceneLighting":true,"audioPlay":false,"sceneViewState":{"m_AlwaysRefresh":false,"showFog":true,"showSkybox":true,"showFlares":true,"showImageEffects":true,"showParticleSystems":true,"showVisualEffectGraphs":true,"m_FxEnabled":true},"in2DMode":false,"pivot":{"x":-0.32070186734199526,"y":1.0777677297592164,"z":0.0029773092828691007},"rotation":{"x":0.0028812303207814695,"y":0.9839521646499634,"z":-0.17783977091312409,"w":0.01594298519194126},"size":1.437505841255188,"orthographic":false}