{"cameraMode":{"drawMode":0,"name":"Shaded","section":"Shading Mode"},"sceneLighting":true,"audioPlay":false,"sceneViewState":{"m_AlwaysRefresh":false,"showFog":true,"showSkybox":true,"showFlares":true,"showImageEffects":true,"showParticleSystems":true,"showVisualEffectGraphs":true,"m_FxEnabled":true},"in2DMode":false,"pivot":{"x":51.91355514526367,"y":2.7356629371643068,"z":-20.424911499023439},"rotation":{"x":0.05051397159695625,"y":0.8061568140983582,"z":-0.06915336102247238,"w":0.5854877829551697},"size":12.12435531616211,"orthographic":false}